user_id,email,password
1,student1@ssn.edu.in,1234
2,student2@ssn.edu.in,1234
3,student3@ssn.edu.in,1234
4,student4@ssn.edu.in,1234
5,student5@ssn.edu.in,1234
6,student6@ssn.edu.in,1234
7,student7@ssn.edu.in,1234
8,student8@ssn.edu.in,1234
9,student9@ssn.edu.in,1234
10,student10@ssn.edu.in,1234
11,student11@ssn.edu.in,1234
12,student12@ssn.edu.in,1234
13,student13@ssn.edu.in,1234
14,student14@ssn.edu.in,1234
15,student15@ssn.edu.in,1234
16,student16@ssn.edu.in,1234
17,student17@ssn.edu.in,1234
18,student18@ssn.edu.in,1234
19,student19@ssn.edu.in,1234
20,student20@ssn.edu.in,1234
21,student21@ssn.edu.in,1234
22,student22@ssn.edu.in,1234
23,student23@ssn.edu.in,1234
24,student24@ssn.edu.in,1234
25,student25@ssn.edu.in,1234
26,student26@ssn.edu.in,1234
27,student27@ssn.edu.in,1234
28,student28@ssn.edu.in,1234
29,student29@ssn.edu.in,1234
30,student30@ssn.edu.in,1234
31,student31@ssn.edu.in,1234
32,student32@ssn.edu.in,1234
33,student33@ssn.edu.in,1234
34,student34@ssn.edu.in,1234
35,student35@ssn.edu.in,1234
36,student36@ssn.edu.in,1234
37,student37@ssn.edu.in,1234
38,student38@ssn.edu.in,1234
39,student39@ssn.edu.in,1234
40,student40@ssn.edu.in,1234
41,student41@ssn.edu.in,1234
42,student42@ssn.edu.in,1234
43,student43@ssn.edu.in,1234
44,student44@ssn.edu.in,1234
45,student45@ssn.edu.in,1234
46,student46@ssn.edu.in,1234
47,student47@ssn.edu.in,1234
48,student48@ssn.edu.in,1234
49,student49@ssn.edu.in,1234
50,student50@ssn.edu.in,1234
51,student51@ssn.edu.in,1234
52,student52@ssn.edu.in,1234
53,student53@ssn.edu.in,1234
54,student54@ssn.edu.in,1234
55,student55@ssn.edu.in,1234
56,student56@ssn.edu.in,1234
57,student57@ssn.edu.in,1234
58,student58@ssn.edu.in,1234
59,student59@ssn.edu.in,1234
60,student60@ssn.edu.in,1234
61,student61@ssn.edu.in,1234
62,student62@ssn.edu.in,1234
63,student63@ssn.edu.in,1234
64,student64@ssn.edu.in,1234
65,student65@ssn.edu.in,1234
66,student66@ssn.edu.in,1234
67,student67@ssn.edu.in,1234
68,student68@ssn.edu.in,1234
69,student69@ssn.edu.in,1234
70,student70@ssn.edu.in,1234
71,student71@ssn.edu.in,1234
72,student72@ssn.edu.in,1234
73,student73@ssn.edu.in,1234
74,student74@ssn.edu.in,1234
75,student75@ssn.edu.in,1234
76,student76@ssn.edu.in,1234
77,student77@ssn.edu.in,1234
78,student78@ssn.edu.in,1234
79,student79@ssn.edu.in,1234
80,student80@ssn.edu.in,1234
81,student81@ssn.edu.in,1234
82,student82@ssn.edu.in,1234
83,student83@ssn.edu.in,1234
84,student84@ssn.edu.in,1234
85,student85@ssn.edu.in,1234
86,student86@ssn.edu.in,1234
87,student87@ssn.edu.in,1234
88,student88@ssn.edu.in,1234
89,student89@ssn.edu.in,1234
90,student90@ssn.edu.in,1234
91,student91@ssn.edu.in,1234
92,student92@ssn.edu.in,1234
93,student93@ssn.edu.in,1234
94,student94@ssn.edu.in,1234
95,student95@ssn.edu.in,1234
96,student96@ssn.edu.in,1234
97,student97@ssn.edu.in,1234
98,student98@ssn.edu.in,1234
99,student99@ssn.edu.in,1234
100,student100@ssn.edu.in,1234
